Product_Name,Selling Price,MRP,Items Bought Last Month,Ratings
EOS 1500D 24.1 Digital SLR Camera (Black) with EF S18-55 is II Lens,"₹37,989","41,995",100+ bought in past month,"4.4 out of 5 stars 9,813"
EOS 1500D 24.1 Digital SLR Camera (Black) with EF S18-55 is II Lens,"₹37,989","41,995",100+ bought in past month,"4.4 out of 5 stars 9,813"
EOS 1500D 24.1 Digital SLR Camera (Black) with EF S18-55 is II Lens & SanDisk Extreme Pro SD UHS I 128GB Card for 4K Video for DSLR and Mirrorless Cameras 200MB/s Read & 90MB/s Write,"₹39,888","47,295",,"4.4 out of 5 stars 9,813"
EOS 1500D 24.1 Digital SLR Camera (Black) with EF S18-55 is II Lens & SanDisk Extreme SD UHS I 128GB Card for 4K Video for DSLR and Mirrorless Cameras 180MB/s Read & 90MB/s Write,"₹39,518","45,695",,"4.4 out of 5 stars 9,813"
Z50 Mirrorless Camera with Z DX 16-50mm f/3.5-6.3 VR & Z DX 50-250mm f/4.5-6.3 VR Lens with Additional Battery,"₹88,989","1,05,995",,4.2 out of 5 stars 127
Digital Camera EOS R50 RF-S18-45mm is STM (Black),"₹69,989","75,995",,4.4 out of 5 stars 35
"EOS 3000D 18MP Digital SLR Camera (Black) with 18-55mm is II Lens, 16GB Card and Carry Case","₹35,990",,,4.2 out of 5 stars 163
M50 Mark II 15-45mm f3.5-6.3 is STM Digital Zoom Camera (Black) & DYAZO Water Resistant Camera Bag/Case Shoulder Strap Space for Photography Lens and Accessories Compatible,"₹57,588","68,494",,4.6 out of 5 stars 61
EOS 200D II 24.1MP Digital SLR Camera + EF-S 18-55mm f4 is STM Lens (Black),"₹64,986","68,995",,"4.5 out of 5 stars 1,260"
"EOS 1500D 24.1 Digital SLR Camera (Black) with EF S18-55 is II Lens & SanDisk Ultra UHS I 64GB SD Card 140MB/s for DSLR and Mirrorless Cameras, 10Y Warranty","₹38,678","43,245",,"4.4 out of 5 stars 9,813"
M50 Mark II 15-45mm f3.5-6.3 is STM Digital Zoom Camera (Black),"₹56,989","66,995",50+ bought in past month,4.5 out of 5 stars 715
RP Body Digital Camera [Black],"₹82,988","94,995",,3.9 out of 5 stars 45
M50 Mark II 15-45mm f3.5-6.3 is STM Digital Zoom Camera (Black) & SanDisk Extreme SD UHS I 128GB Card for 4K Video for DSLR and Mirrorless Cameras 180MB/s Read & 90MB/s Write,"₹58,518","70,695",,4.6 out of 5 stars 61
EOS 1500D 24.1 Digital SLR Camera (Black) with EF S18-55 is II Lens & SanDisk Extreme SD UHS I 64GB Card for 4K Video for DSLR and Mirrorless Cameras 170MB/s Read & 80MB/s Write,"₹38,878","43,795",,"4.4 out of 5 stars 9,813"
Digital Camera EOS R50 RF-S18-45mm is STM + RF-S55-210mm is STM Kit,"₹89,989","97,995",,5.0 out of 5 stars 1
"EOS R8 Full-Frame Mirrorless Camera (Body Only) with 24.2 MP, 4K Video, DIGIC X Image Processor (Black)","₹1,31,198","1,42,995",,4.1 out of 5 stars 8
EOS 1500D 24.1 Digital SLR Camera (Black) with EF S18-55 is II Lens & SanDisk Extreme SD UHS I 32GB Card for 4K Video for DSLR and Mirrorless Cameras 100MB/s Read & 60MB/s Write,"₹38,678","43,195",,"4.4 out of 5 stars 9,813"
Digital Camera EOS R100 RF-S18-45mm is STM Kit (Black),"₹48,790","64,995",,4.2 out of 5 stars 29
M50 Mark II 15-45mm f3.5-6.3 is STM Digital Zoom Camera (Black) & SanDisk Extreme Pro SD UHS I 128GB Card for 4K Video for DSLR and Mirrorless Cameras 200MB/s Read & 90MB/s Write,"₹58,888","72,295",,4.6 out of 5 stars 61
"EOS R10 24.2MP Mirrorless Digital Camera with RF-S18-45mm Kit Lens (APS-C Sensor, 23 FPS, Next Gen Auto Focus, Next Level Image Stabilisation, 4K) – Black","₹81,444","90,995",,4.5 out of 5 stars 164
D7500 DX-Format Digital SLR Body (Black),"₹72,999","88,950",,4.6 out of 5 stars 695
"EOS R10 24.2MP Mirrorless Digital Camera with RF-S18-150mm Kit Lens (APS-C Sensor, 23 FPS, Next Gen Auto Focus, Next Level Image Stabilisation, 4K) – Black","₹94,799","1,17,995",,4.5 out of 5 stars 104
D7500 20.9MP Digital SLR Camera (Black) with AF-S DX NIKKOR 18-140mm f/3.5-5.6G ED VR Lens,"₹86,990","94,950",,4.5 out of 5 stars 451
"Eos R10 24.2Mp Mirrorless Digital Camera with Rf-S18-150Mm Kit Lens (Aps-C Sensor&Sandisk Extreme Pro Sd Uhs I 128Gb Card for 4K Video for DSLR&Mirrorless Cameras 200Mb/S Read,Black","₹96,698","1,23,295",,
M50 Mark II 15-45mm f3.5-6.3 is STM Digital Zoom Camera (Black) & EF50MM F/1.8 STM Lens for Canon DSLR Cameras,"₹66,978","76,990",,4.6 out of 5 stars 61
Digital Camera Z 30 kit with NIKKOR Z DX 16-50mm f/3.5-6.3 VR & NIKKOR Z DX 50-250mm f/4.5-6.3 VR - Black with Camera Bag & 64 GB SD Card,"₹79,989","94,495",,4.1 out of 5 stars 23
Digital Camera Z 30 kit with NIKKOR Z DX 16-50mm f/3.5-6.3 VR & NIKKOR Z DX 50-250mm f/4.5-6.3 VR - Black with Camera Bag & 64 GB SD Card,"₹79,989","94,495",,4.1 out of 5 stars 23
M50 Mark II 15-45mm f3.5-6.3 is STM Digital Zoom Camera (Black) & SanDisk Extreme Pro SD UHS I 256GB Card for 4K Video for DSLR and Mirrorless Cameras 200MB/s Read & 140MB/s Write,"₹60,788","77,495",,4.6 out of 5 stars 61
"EOS 1500D 24.1 Digital SLR Camera (Black) with EF S18-55 is II Lens & SanDisk Ultra UHS I 128GB SD Card 140MB/s for DSLR and Mirrorless Cameras, 10Y Warranty","₹39,208","44,395",,"4.4 out of 5 stars 9,813"
EOS 1500D 24.1MP Digital SLR Camera (Black) with 18-55 and 55-250mm is II Lens,"₹69,900",,,"4.5 out of 5 stars 1,752"
Alpha ILCE-6100Y 24.2 MP Mirrorless Digital SLR Camera with 16-50 mm and 55-210 mm Zoom Lenses & SanDisk Extreme Pro SD UHS I 128GB Card for 4K Video for DSLR and Mirrorless,"₹80,887","95,290",,5.0 out of 5 stars 1
M50 Mark II 15-45mm f3.5-6.3 is STM Digital Zoom Camera (Black) & SanDisk Extreme SD UHS I 256GB Card for 4K Video for DSLR and Mirrorless Cameras 180MB/s Read & 130MB/s Write,"₹59,729","72,195",,4.6 out of 5 stars 61
Digital Camera Z 30 kit with NIKKOR Z DX 16-50mm f/3.5-6.3 VR - Black,"₹63,890","73,495",,4.3 out of 5 stars 40
Dk-25 Eyecup Eye Rubber Cap for DSLR Camera Nikon D5100/D5200/D5300/D5500/D5500/D5600 (Pack of 2),₹290,449,,4.4 out of 5 stars 2
(Refurbished) Canon EOS 1500D Digital SLR Camera (Black) with EF S18-55 is II Lens/Camera Case,,,,3.8 out of 5 stars 92
"Camera Z 6II + NIKKOR Z 24-120mm F/4 S Lens with Additional Battery, Optical Zoom, Black - High-Performance Photography Bundle","₹2,29,990","2,57,990",,
Dk-25 Eyecup Eye Rubber Cap for DSLR Camera Nikon D5100/D5200/D5300/D5500/D5500/D5600,₹195,399,,5.0 out of 5 stars 1
Digital Camera EOS R6 Mark II Body,"₹2,03,990","2,43,995",,
MIRRORLESS Z F Camera Body ONLY,"₹1,75,498","1,76,995",,
Digital Camera EOS R50 RF-S18-45mm is STM Kit (White),"₹73,989","75,995",,5.0 out of 5 stars 1
"EOS 1500D 24.1 Digital SLR Camera (Black) with EF S18-55 is II Lens & Digitek Portable Lightweight Aluminum Tripod for DSLR Cameras & Smartphones with Operating Ht. 4.75 Ft, Max","₹38,888","43,790",,"4.4 out of 5 stars 9,813"
"Z50 Mirrorless Camera Body Only with Additional Battery & 64 GB SD Card, Optical Zoom, Black & Nikon NIKKOR Z 24-200MM F/4-6.3 VR Lens (Black)","₹1,30,017","1,43,990",,3.4 out of 5 stars 5
Alpha ILCE-6400M 24.2MP Mirrorless Digital SLR Camera (Black) with 18-135mm Power Zoom Lens & SanDisk Extreme Pro SD UHS I 128GB Card for 4K Video for DSLR and Mirrorless Cameras 200MB/s Read,"₹1,04,887","1,21,790",,4.0 out of 5 stars 1
"EOS 1500D 24.1 Digital SLR Camera (Black) with EF S18-55 is II Lens & SanDisk Ultra SDHC UHS-I Card 32GB 120MB/s R for DSLR Cameras, for Full HD Recording, 10Y Warranty","₹38,439","42,795",,"4.4 out of 5 stars 9,813"
"Mirrorless Z6 II Body Only with Additional Battery, Optical Zoom, Black","₹1,44,988","1,64,995",,4.4 out of 5 stars 9
D7500 DX-Format Digital SLR Body (Black) & Nikon Af-S Dx Nikkor 35 Mm F/1.8G Prime Lens for Digital SLR Camera (Black),"₹89,989","1,06,950",,5.0 out of 5 stars 2
"EOS R8 Full-Frame Mirrorless Camera, RF24-50mm F4.5-6.3 is STM with 24.2 MP, 4K Video, DIGIC X Image Processor-Black","₹1,52,989","1,61,995",,4.3 out of 5 stars 3
"EOS 1500D 24.1 Digital SLR Camera (Black) with EF S18-55 is II Lens & DIGITEK® (DTR 260 GT) Gorilla Tripod/Mini 33 CM & Remote, Flexible Gorilla Stand for DSLR & Action Cameras","₹38,366","42,990",,"4.4 out of 5 stars 9,813"
"(Refurbished) Sony Alpha ILCE 6100L 24.2 MP Mirrorless Camera with 16-50 mm Power Zoom Lens (APS-C Sensor, Fast Auto Focus, Real-time Eye AF, Real-time Tracking, 4K Vlogging Camera & Tiltable Screen)","₹56,999","66,988",,
"Mirrorless Z7 II Body Only with Additional Battery, Optical Zoom (Black)","₹2,34,989","2,49,995",,5.0 out of 5 stars 1
"EOS R7 32.5MP Mirrorless Digital Camera with RF-S18-150mm Kit Lens (APS-C Sensor, 30 FPS, Next Gen Auto Focus, Next Level Image Stabilisation, 4K) – Black","₹1,64,699","2,05,980",,4.5 out of 5 stars 125
"EOS R7 32.5MP Mirrorless Digital Camera with RF-S18-150mm Kit Lens (APS-C Sensor, 30 FPS, Next Gen Auto Focus, Next Level Image Stabilisation, 4K) – Black","₹1,64,699",,,4.5 out of 5 stars 125
"Alpha ILCE-6400M 24.2MP Mirrorless Digital SLR Camera (Black) with 18-135mm Power Zoom Lens (APS-C Sensor, Real-Time Eye Auto Focus & E 20mm f/1.8 G Lens (SEL20F18G) Lens Black","₹1,76,879","2,05,980",,
Alpha ILCE-6400L 24.2MP Mirrorless Camera (Black) with 16-50mm Power Zoom Lens & SanDisk Extreme Pro SD UHS I 128GB Card for 4K Video for DSLR and Mirrorless Cameras 200MB/s Read & 90MB/s Write,"₹81,798","96,290",,
Digital Camera EOS R6 Mark II with 24-105 STM Kit Black,"₹2,37,298","2,71,995",,
"Alpha ZV-E10 24.2 Mega Pixel Interchangeable-Lens Mirrorless vlog Camera 4K Movie Recording Body Only – Black with Sony ECM-G1 Shotgun Microphone, Super-Cardioid, Compact Sound Ideal for YouTube","₹61,487","69,780",,
Digital Camera EOS R6 Mark II with 24-105 USM Kit Black,"₹2,99,989","3,43,995",,5.0 out of 5 stars 1
Alpha ILCE 6100L 24.2 MP Mirrorless Digital SLR Camera with 16-50 mm Power Zoom Lens & SanDisk Extreme Pro SD UHS I 128GB Card for 4K Video for DSLR and Mirrorless,"₹68,887","81,290",,
"Z30 Kit with Z Dx 18-140Mm Lens,64Gb Uhs-I Sd Card,Bag,&Mh-32-Creator-Ready Digital Camera,Black","₹85,500","97,795",,3.0 out of 5 stars 2
EOS 1500D 24.1 Digital SLR Camera (Black) with EF S18-55 is II Lens & M.G.R.J® Tempered Glass Screen Protector for Canon EOS 1500D / 1300D / 1200D,"₹38,273","42,994",,"4.4 out of 5 stars 9,813"
Dk-25 Eyecup Eye Rubber Cap for DSLR Camera Nikon D5100/D5200/D5300/D5500/D5500/D5600 (Pack of 2),₹299,449,,3.4 out of 5 stars 3
"Z 9 Digital Camera Body Only - Decisive Moments, Extreme Conditions: Capture Still or Video with Confidence Black","₹4,14,999","4,75,995",,
Alpha ILCE-6400L 24.2MP Mirrorless Camera (Black) with 16-50mm Power Zoom Lens & SanDisk Extreme SD UHS I 64GB Card for 4K Video for DSLR and Mirrorless Cameras 170MB/s Read & 80MB/s Write,"₹80,788","92,790",,
Alpha ZV-E10L 24.2 Mega Pixel Interchangeable-Lens Mirrorless vlog Camera with 16-50 mm Lens & SanDisk Extreme Pro SD UHS I 256GB Card for 4K Video for DSLR,"₹65,288","80,490",,
Z30 Mirrorless Camera Body Only with Camera Bag & 64 GB SD Card,"₹50,311","59,895",,5.0 out of 5 stars 1
De-TechInn DK-21 Eyecup/Eye Rubber Cap for Nikon Camera D-7000,₹299,399,,4.0 out of 5 stars 1
Z50 Mirrorless Camera with DX 18-140MM f/3.5-6.3 VR,"₹1,17,042","1,28,490",,
Alpha ILCE 6100L 24.2 MP Mirrorless Digital SLR Camera with 16-50 mm Power Zoom Lens & SanDisk Extreme SD UHS I 128GB Card for 4K Video for DSLR and Mirrorless Cameras 180MB/s Read & 90MB/s Write,"₹68,517","79,690",,
EOS R10 24.2MP Mirrorless Digital Camera with RF-S18-45mm Kit Lens & SanDisk Extreme Pro SD UHS I 128GB Card for 4K Video for DSLR and Mirrorless Cameras 200MB/s Read & 90MB/s Write,"₹83,343","96,295",,
"Mirrorless Z7 II Body with 24-70mm Lens with Additional Battery, Optical Zoom, Black","₹2,35,000","2,49,995",,3.2 out of 5 stars 2
EOS M50 Mark II + EF-M 15-45mm is STM Kit Black,,,,"4.7 out of 5 stars 1,635"
"Alpha ILCE-6400 24.2MP Mirrorless Digital SLR Camera Body (APS-C Sensor, Real-Time Ey & Sony E-Mount 70350 Mm F4.56.3 G OSS (Sel70350G) Lens Black (Compact Aps-C Super Telephoto Zoom G Lens)","₹1,41,476","1,61,480",,
"Alpha ILCE-6400 24.2MP Mirrorless Digital SLR Camera Body (APS-C Sensor, Real-Time Eye Auto Focus, 4K Vlogging Camera, Tiltable LCD) - Black & SELP18105G E Mount APS-C 18-105 mm","₹1,12,276","1,27,980",,
"EOS R3 Full-Frame Mirrorless Camera Body (30 FPS, Eye Control AF, Upto 8 Stop is, Max ISO 102400, 6K RAW Video) Black","₹5,14,990","5,37,995",,5.0 out of 5 stars 2
"Small Canon Eyecup Eye Cup EF Compatible for Eos 650D, Eos 600D, Eos 550D,Eos 500D, Eos 450D, Eos 400D, Eos 1000D/300D/350D",₹275,399,,
"D780 DSLR Body Only, 83x Optical Zoom, Black","₹57,678","68,245",,4.5 out of 5 stars 2
"D780 DSLR Body Only, 83x Optical Zoom, Black",,,,4.5 out of 5 stars 2
"M50 Mark II 15-45mm f3.5-6.3 is STM Digital Zoom Camera (Black) & SanDisk Ultra UHS I 64GB SD Card 140MB/s for DSLR and Mirrorless Cameras, 10Y Warranty","₹57,678","68,245",,4.6 out of 5 stars 61
"Alpha ILCE-7M3K Full-Frame 24.2MP Mirrorless Digital SLR Camera with 28-70mm Zoom Lens & FE 35mm f/1.4 GM Lens, Black, Compact (SEL35F14GM.SYX)","₹2,77,077","3,26,480",,
"(Renewed) Canon EOS 1300D 18MP Digital SLR Camera (Black) with 18-55 and 55-250mm is II Lens, 16GB Card and Carry Case","₹36,535","49,999",,3.4 out of 5 stars 4
"RX10 IV with 0.03 second auto-focus & 25x optical zoom, Black","₹1,31,750",,,4.6 out of 5 stars 293
M50 Mark II 15-45mm f3.5-6.3 is STM Digital Zoom Camera (Black) & SanDisk Extreme SD UHS I 64GB Card for 4K Video for DSLR and Mirrorless Cameras 170MB/s Read & 80MB/s Write,"₹57,878","68,795",,4.6 out of 5 stars 61
D850 45.7MP Digital SLR Camera (Black) with AF-S Nikkor 24-120mm F/4G ED VR Lens and 64GB Memory Card,,,,2.4 out of 5 stars 19
"Alpha ZV-E10 24.2 Mega Pixel Interchangeable-Lens Mirrorless vlog Camera, Made for Creators & SanDisk Extreme Pro SD UHS I 128GB Card for 4K Video for DSLR","₹54,387","64,790",,
"Z50 Mirrorless Camera Body Only with Additional Battery & 64 GB SD Card, Optical Zoom, Black","₹68,018","72,995",,3.4 out of 5 stars 5
"M50 Mark II 15-45mm f3.5-6.3 is STM Digital Zoom Camera (Black) & Digitek DTR 550 LW (67 Inch) Tripod for DSLR, Camera |Operating Height: 5.57 Feet | Maximum Load Capacity up to 4.5kg","₹58,388","69,490",,4.6 out of 5 stars 61
Alpha ILCE 6100L 24.2 MP Mirrorless Digital SLR Camera with 16-50 mm Power Zoom Lens & SanDisk Extreme SD UHS I 64GB Card for 4K Video for DSLR and Mirrorless Cameras 170MB/s Read & 80MB/s Write,"₹67,877","77,790",,
Alpha ZV-E10L 24.2 Mega Pixel Interchangeable-Lens Mirrorless vlog Camera with 16-50 mm Lens & SanDisk Extreme SD UHS I 64GB Card for 4K Video for DSLR and Mirrorless Cameras 170MB/s,"₹62,378","71,790",,
Replacing Zoom Rubber Grip Ring for Nikon Lens AF-S 18-55mm 3.5-5.6 VR II,₹212,"1,399",,
"X100V 26.1 MP Mirrorless Camera with Fixed 23mmF2 Lens (APS-C X-Trans CMOS 4 Sensor, X-Processor 4, Hybrid Viewfinder, LCD Tilt Touchscreen, Face/Eye Detection AF, Film Simulations) - Black",,,,4.7 out of 5 stars 491
Iris Corrosion Resistant CS 3MP Portable Camera Lens for Digital Camera Length 25mm,"₹5,136","10,272",,
"M50 Mark II 15-45mm f3.5-6.3 is STM Digital Zoom Camera (Black) & SanDisk Ultra UHS I 128GB SD Card 140MB/s for DSLR and Mirrorless Cameras, 10Y Warranty","₹58,208","69,395",,4.6 out of 5 stars 61
Alpha ZV-E10L 24.2 Mega Pixel Interchangeable-Lens Mirrorless vlog Camera with 16-50 mm Lens & SanDisk Extreme Pro SD UHS I 128GB Card for 4K Video for DSLR and Mirrorless Cameras,"₹63,388","75,290",,
"M50 Mark II 15-45mm f3.5-6.3 is STM Digital Zoom Camera (Black) & SanDisk Ultra SDHC UHS-I Card 32GB 120MB/s R for DSLR Cameras, for Full HD Recording, 10Y Warranty","₹57,439","67,795",,4.6 out of 5 stars 61
"Small Canon Eyecup Eye Cup EF Compatible for Eos 650D, Eos 600D, Eos 550D,Eos 500D, Eos 450D, Eos 400D, Eos 1000D/300D/350D",₹299,399,,5.0 out of 5 stars 1
(Refurbished) Canon Digital Camera EOS R100 RF-S18-45mm is STM Kit (Black),"₹38,990","48,790",,
"(Refurbished) Sony Alpha ILCE 6100 24.2 MP Mirrorless Digital SLR Camera Body only (APS-C Sensor, Fast Auto Focus, Real-time Eye AF, Real-time Tracking, 4K Vlogging Camera, Tiltable LCD, Black)","₹46,999","56,989",,
M50 Mark II 15-45mm f3.5-6.3 is STM Digital Zoom Camera (Black) & SanDisk Extreme Pro SD UHS I 64GB Card for 4K Video for DSLR and Mirrorless Cameras 200MB/s Read & 90MB/s Write,"₹58,088","69,595",,4.6 out of 5 stars 61
EOS R6 Mark II Body,"₹5,28,204","5,78,204",,4.7 out of 5 stars 102
OMD-EM-10-Mark-IV Mirrorless Digital Camera with Lens 14-150mm f4.0-5.6-II Silver (E-M10M4_14152 Silver),"₹1,08,990","1,11,990",,5.0 out of 5 stars 3
Alpha ZV-E10L 24.2 Mega Pixel Interchangeable-Lens Mirrorless vlog Camera with 16-50 mm Lens & SanDisk Extreme SD UHS I 256GB Card for 4K Video for DSLR and Mirrorless Cameras 180MB/s Read,"₹64,229","75,190",,4.6 out of 5 stars 30
Alpha ZV-E10L 24.2 Mega Pixel Interchangeable-Lens Mirrorless vlog Camera with 16-50 mm Lens & SanDisk Extreme SD UHS I 256GB Card for 4K Video for DSLR and Mirrorless Cameras 180MB/s Read,"₹64,229","75,190",,
"EOS R50 Mirrorless Vlogging Camera (Body Only/Black), RF Mount, 24.2 MP, 4K Video, DIGIC X Image Processor, Subject Detection & Tracking, Compact, Smartphone Connection, Content Creator","₹1,08,720","1,45,720",,4.6 out of 5 stars 30
"EOS R8 Full-Frame Mirrorless Camera (Body Only), RF Mount, 24.2 MP, 4K Video, DIGIC X Image Processor, Subject Detection & Tracking, Compact, Lightweight, Smartphone Connection, Content Creator",,,,4.7 out of 5 stars 96
EOS R6 Mark II RF24-105mm F4 L is USM KIT,"₹7,59,271","8,09,271",,4.6 out of 5 stars 19
EOS R10 Content Creator Kit,"₹1,92,919","2,29,919",,5.0 out of 5 stars 16
"K-3 Mark III Flagship APS-C Black Camera Body - 12fps, Touch Screen LCD, Weather Resistant Magnesium Alloy Body with in-Body 5-Axis Shake Reduction. 1.05x Optical viewfinder with 100% FOV","₹1,33,995","1,39,995",,
"(Refurbished) Sony Alpha ILCE-7SM3 Full-Frame Mirrorless Camera Body (4K 120P, 4:2:2 10 bit, ISO 40-409600, high Dynamic Range, Videographers and Content Creators) - Black","₹2,50,000","2,96,988",,
"K-3 Mark III Flagship APS-C Black Camera Body - 12fps, Touch Screen LCD, Weather Resistant Magnesium Alloy Body with in-Body 5-Axis Shake Reduction. 1.05x Optical viewfinder with 100% FOV","₹2,49,305","3,00,402",,4.4 out of 5 stars 35
GFX 100S Body Optical Zoom- Black,"₹3,99,999","5,99,999",,4.8 out of 5 stars 38
EOS M50 Mark II Optical (Black) + EF-M 15-45mm & EF-M 55-200mm is STM Bundle,"₹1,72,046","2,10,046",,4.7 out of 5 stars 190
"EOS M50 Mark II + EF-M 15-45mm is STM Kit White, Optical Zoom","₹1,32,070","1,70,070",,"4.7 out of 5 stars 1,635"
OM-D E-M10 Mark IV Mirrorless Digital Camera with 14-42mm Lens (Black),"₹1,02,950",,,3.5 out of 5 stars 9
"EOS R5 Full Frame Mirrorless Camera + RF 24-105mm F4 L is USM Lens Kit, Black (4147C013)","₹6,81,727","7,32,727",,4.7 out of 5 stars 130
EOS 250D (Rebel SL3) DSLR Camera w/ 18-55mm is STM Lens (International Model) (Black),"₹1,24,047","1,61,047",,4.3 out of 5 stars 21
OM-D E-M5 Mark III Black Body with Black M.Zuiko Digital ED 12-45mm F4.0 PRO Lens Kit,"₹2,02,433","2,53,453",,4.4 out of 5 stars 20
OM-D E-M1 Mark III Black Body with M.Zuiko Digital ED 12-40mm F2.8 PRO Lens,"₹3,90,337","4,41,357",,3.8 out of 5 stars 15
OM-D E-M1 Mark III Black Camera Body,"₹1,78,990","1,79,990",,4.7 out of 5 stars 157
D780 w/AF-S NIKKOR 24-120mm f/4G ED VR,"₹5,90,792","6,40,792",,4.6 out of 5 stars 169
DK-21 Eyecup/Eye Rubber Cap for Nikon Camera D-600,₹299,399,,
DK-21 Eyecup/Eye Rubber Cap for Nikon Camera D-300,₹299,399,,
DK-21 Eyecup/Eye Rubber Cap for Nikon Camera D-90,₹299,399,,
De-TechInn DK-21 Eyecup/Eye Rubber Cap for Nikon Camera D-300,₹299,399,,
De-TechInn DK-21 Eyecup/Eye Rubber Cap for Nikon Camera D-200,₹299,399,,
DK-21 Eyecup/Eye Rubber Cap for Nikon Camera D-200,₹299,399,,
De-TechInn DK-21 Eyecup/Eye Rubber Cap for Nikon Camera D-90,₹299,399,Price and other details may vary based on product size and colour.,4.7 out of 5 stars 177
De-TechInn DK-21 Eyecup/Eye Rubber Cap for Nikon Camera D-90,₹299,399,,
DK-21 Eyecup/Eye Rubber Cap for Nikon Camera D-7000,₹299,399,,
Z50 Mirroless Camera Body with NIKKOR Z DX 16-50mm f/3.5-6.3 VR & NIKKOR Z DX 50-250mm f/4.5-6.3 VR Lens Optical with 64GB Card and Jealiot Carry Case (Black),"₹1,54,949","1,92,949",,4.7 out of 5 stars 177
Digital Camera EOS Rebel SL3 (BK) Body,"₹1,02,380","1,40,380",,4.6 out of 5 stars 242
Opera 50mm F1.4 FF for Canon EF Mount (Nikon F Mount),"₹73,140","76,990",,4.3 out of 5 stars 8
EOS 2000D (Rebel T7) DSLR Camera + 18-55mm III Kit (International Model),,,,"4.7 out of 5 stars 1,396"
Store D850 45.7 MP Camera with 1 X Optical Zoom - Black,,,,4.8 out of 5 stars 650
Konstrutor Do-it-Yourself 35mm Film SLR Camera Kit,,,,3.1 out of 5 stars 6
Application Controlled Shutter Release for Canon N3 (Black),"₹3,957",,,
D7000 16.2MP DX-Format CMOS Digital SLR with 18-105mm f/3.5-5.6 AF-S DX VR ED Nikkor Lens - Black,"₹1,56,265","1,94,265",,4.5 out of 5 stars 314
CA-1112-BLK Camera Armor for Canon XTi/400D Digital SLR -Black,"₹5,748","8,219",,
"16X High Resolution Digital Zoom Camera, Built-in Fill Light for Kids, Teens and Beginners (Black)","₹11,188","13,985",,
NEE Iris Corrosion Resistant CS 3MP Portable Camera Lens for Digital Camera Length 25mm,"₹3,950","7,900",,
"Vlogging Camera, 4K 48MP Digital Photography Camera with 180 Degree 3.2 Inch Flip Screen, Auto Focus Vlogging Camera, Zoom Travel Camera","₹18,473","23,091",,
"Small Digital Camera 4K 48MP 16X Zoom, Anti-Vibration Digital Camera with Wide Angle and 2.7 LCD Screen, Auto Focus Camera for Teens and Kids Beginners (White)","₹15,447","19,308",,
"LCD Screen Compatible with Panasonic DMC-FZ47 FZ48 FZ60 FZ-47 FZ-48 FZ-60 Digital Camera, Camera Screen Repair, no Backlight","₹8,433","10,541",,
"Compatible with Panasonic FZ70 FZ72 FZ70 GF3 GX1 GXR Touch Screen, Digital Camera Touch Screen Repair, Single Touch","₹6,165","7,706",,
Compatible with J10 j12 j15 Digital Camera LCD Camera Accessories Screen Maintenance + Backlight,"₹6,165","7,706",,
Flash Speedlite Battery Door Cover Compatible with YN565exIIC YN565exC YN565exN Repair Parts,"₹6,327","7,908",,
1pcs Battery Compartment Door Cover Flash Speedlite Compatible with YNE3-RT YN-E3 RT,"₹6,327","7,908",,
1PCS Battery Door Holder Cover Flash Part Compatible with YN600EX-RT YN600EX & RT II YN685,"₹6,327","7,908",,
USB/HDMI DC in/Video Out Rubber Door Bottom Cover Compatible with Canon 5D Mark III / 5DIII / 5D3 Digital Camera Repair Part,"₹6,003","7,503",,
USB/HDMI DC in/Video Out Rubber Door Bottom Cover Compatible with Sory A7iii ILCE-7M3 /M3 A7M3 ILCE Digital Camera Repair Part (Color,"₹10,378","12,972",,
USB/HDMI DC in/Video Out Rubber Door Bottom Cover Compatible with Sory A7iii ILCE-7M3 /M3 A7M3 ILCE Digital Camera Repair Part (Color : 2),"₹10,378","12,972",,
Lens Aperture Flex Kabel Compatible with Canon Zoom Ef 16-35 Mm 1:2.8 L Iii USM Reparatie Deel,"₹6,813","8,516",Price and other details may vary based on product size and colour.,
Lens Aperture Flex Kabel Compatible with Canon Zoom Ef 16-35 Mm 1:2.8 L Iii USM Reparatie Deel,"₹6,813","8,516",,
USB/HDMI DC in/Video Out Rubber Door Bottom Cover Compatible with Sory A7iii ILCE-7M3 /M3 A7M3 ILCE Digital Camera Repair Part (Color : 1 Set),"₹10,378","12,972",,
USB/HDMI-Compatible DC in/Video Out Rubber Door Bottom Cover Compatible with Canon 5D Mark IV 5D4 5DIV USB Rubber Cover Repair Part,"₹6,975","8,718",,
USB/HDMI DC in/Video Out Rubber Door Bottom Cover Compatible with Sory A7iii ILCE-7M3 /M3 A7M3 ILCE Digital Camera Repair Part (Color : 3),"₹10,378","12,972",,
Compatible with Canon 600EX / 600EX-RT Flash Tube Xenon Lamp Repair Replacement Parts Speedlite,"₹6,651","8,313",,
Body Rubber Front Cover and Back Cover Rubber Compatible with Canon EOS 6D 6d Repair Spare Parts (Color : Handle Rubber),"₹7,299","9,123",,
Compatible with Canon EOS Rebel T6i (EOS 750D / Kiss X8i) Rubber Cover + Tape (Color : Side Rubber),"₹8,433","10,541",,
LCD Screen Window Display Outer Glass Compatible with Canon EOS 1300D,"₹7,481","9,351",,
95% New LCD Hing Rotate Shaf with Cable Repair Parts Compatible with Canon EOS 750D 760D,"₹25,065","31,331",,
LCD Display Screen Repair Compatible with Sony Cyber-Shot DSC - W710 W710 Digital Camera,"₹7,461","9,326",,
Compatible with Canon EOS Rebel T6i (EOS 750D / Kiss X8i) Rubber Cover + Tape (Color : Thumb Rubber),"₹6,813","8,516",,
3.0 inch LCD Display Screen Compatible with Fujifilm S1600 S1770 S1800 S2500 S2800 S2900 S3200 S2950 S4050 Digital Camera,"₹7,461","9,326",,
Compatible with Canon EOS Rebel T6i (EOS 750D / Kiss X8i) Rubber Cover + Tape (Color : 1 Set),"₹15,995","19,993",,
Diffuser Plate Wide Panel Assembly Astigmatism Plate Repair Parts Compatible with Canon Speedlite 600EX-RT / 600EX II-RT Flash (Size : 600EX II-RT),"₹10,864","13,580",,
Diffuser Plate Wide Panel Assembly Astigmatism Plate Repair Parts Compatible with Canon Speedlite 600EX-RT / 600EX II-RT Flash (Size : 600EX RT),"₹12,305","15,381",,
Body Rubber Front Cover and Back Cover Rubber Compatible with Canon EOS 6D 6d Repair Spare Parts (Color : Side Rubber),"₹7,299","9,123",,
LCD Display Screen Compatible with Samsung ES70 ES71 ES73 ES74 ES75 ES78 PL100 PL101 TL205 SL600 SL605 ST93 ST77 ST66 ST76 Camera,"₹13,041","16,301",,
Compatible with Nikon D7100 D7200 D5300 SD Memory Card Reader Slot Holder Camera Repair Replacement Spare Part,"₹6,489","8,111",,
Outer LCD Screen Display/Window Glass Replacement Compatible with Canon EOS 1100D;DS126291;,"₹6,003","7,503",,
EF 24-70 2.8 II Lens Eccentric Collar Guide YB2-3762 Compatible with Canon 24-70mm 2.8L II USM Replacement Unit Repair Spare Part (Size : 4 PCS),"₹15,995","19,993",,
Top Cover Assembly Repair Parts Compatible with Canon EOS 6D Mark II ; 6DII 6D2 SLR,"₹39,517","49,396",,
Size 2.4 inch New LCD Display Screen Repair Parts Compatible with Olympus T-100 T100 Digital Camera,"₹7,785","9,731",,
EF 24-70 2.8 II Lens Eccentric Collar Guide YB2-3762 Compatible with Canon 24-70mm 2.8L II USM Replacement Unit Repair Spare Part (Size : 3 PCS),"₹13,074","16,342",,
LCD Display Screen Compatible with Olympus SZ10 SZ11 SZ12 SZ20 SZ14 SZ16 SZ30 SZ-10 SZ-11 SZ-12 SZ-20 SZ-14 SZ-16 SZ-30 Digital Camera,"₹9,568","11,960",,
Compatible with Samsung PL20 PL120 ST93 ST77 PL121 Digital Camera LCD Display Screen,"₹10,540","13,175",Price and other details may vary based on product size and colour.,
Compatible with Samsung PL20 PL120 ST93 ST77 PL121 Digital Camera LCD Display Screen,"₹10,540","13,175",,
EOS 6D Key Flex Compatible with Canon 6D Button Direction Key Camera Repair Parts,"₹5,678","7,097",,
EF 24-70 2.8 II Lens Eccentric Collar Guide YB2-3762 Compatible with Canon 24-70mm 2.8L II USM Replacement Unit Repair Spare Part (Size : 1 PCS),"₹7,137","8,921",,
Compatible with Yongnuo Flash Speedlite Metal hot Shoe Foot for Repair fix YN560IV YN560III,"₹8,433","10,541",,
Lens Repair Parts Compatible with Canon 24-70mm 24-70 f/2.8L II USM Front Lens Barrel UV Lens Tube Ring Assembly (Gen 2),"₹14,919","18,648",,
Dial Mode Interface Cap Compatible with Canon EOS 7D Mark II 7D2 Mode dial,"₹7,299","9,123",,
LCD Display Screen Compatible with Nikon D7000 D-7000 Digital Camera Repair Part + Backlight,"₹13,689","17,111",,
1pcs Battery Compartment Door Cover Compatible with Yongnuo Flash Speedlite YN600EX-RT YN685 YN660,"₹6,327","7,908",,
Body Rubber Cover Front Grip Rubber Side Rear Thumb Rubber Repair Parts Compatible with Fujifilm X-T30 XT30 Camera,"₹14,150","17,687",,
LCD Display Touch Screen Monitor Replacement Compatible with Sony NEX-C3 NEXC3 NEX-3C NEX-7 NEX5 NEX-5 NEX-3 NEX-6 NEX-5C,"₹8,109","10,136",,
"Rear Bayonet mounting Ring for Nikon AF-P Lens, Part 70-300, 6.3 4.5-G f / 300-4.5G ED DX","₹12,613","15,766",,
LCD Display Screen Compatible with Kodak C513 C613 C713 C813 C913 C140 C160 C180 CD22 Digital Camera,"₹7,299","9,123",,
5 Sets/Shutter Blade Curtain Repair Parts Compatible with Canon EOS 5D ; 5D Mark II;5DII 5D2 DS126091 DS126201 SLR,"₹11,690","14,612",,
LCD Display Screen Compatible with Samsung ES10 ES15 ES17 ES19 ES25 ES28 ES48 ES50 ES55 ES60 ES65 ES67 SL30 SL50 Digital Camera,"₹14,784","18,480",,
LCD Display Screen Compatible with Panasonic SDR-S7GK S26 H85 S50 S45 D3 S70 S71 S15 T50 T55 H101 SW20 GS80 GS85 GS330 GS500 GS328 GS508,"₹7,299","9,123",,
LCD Display Screen Compatible with Samsung PL150 TL210 PL170 PL171 PL210 PL221 with Backlight,"₹7,299","9,123",,
1Set of 4PCS Lens Zoom Gears Repair Parts Compatible with Nikon coolpix P900 P900S Digital Camera,"₹13,228","16,535",,
1PCS Compatible with Nikon D600 D610 D7100 D7000 Bottom Leather Plug Next to The Battery Compartment Small Leather Plug Rubber New,"₹6,651","8,313",,
Bayonet Hood HB-89 HB89 Compatible with Nikon Nikkor Z 35mm f/1.8 S Lens,"₹12,151","15,188",,
New Touch LCD Display Screen with Backlight Compatible with Canon EOS 750D 760D 77D 800D,"₹13,996","17,495",,
Focus Direct Drive Super Sonic Wave Motor Assy Repair Parts Compatible with Sony FE 24-105mm F4 G OSS SEL24105G Lens,"₹31,061","38,826",,
LCD Display Screen Assy with Hinge Repair Parts Compatible with Sony RX100M5 RX100M5A RX100V Camera,"₹32,585","40,731",,
Used Iris Aperture Assy Repair Parts Compatible with Nikon D800 D800e SLR,"₹24,912","31,140",,
Rear Control dial Switch Assy Repair Parts Compatible with Sony DSC-RX100M3 DSC-RX100M4 RX100IV RX100III Digital Camera,"₹11,844","14,805",,
Pellicle (Translucent) Mirror P.O.I (L) Service A1976037A Parts Compatible with Sony LA-EA4 EA4 Adapter,"₹23,374","29,217",Price and other details may vary based on product size and colour.,
Pellicle (Translucent) Mirror P.O.I (L) Service A1976037A Parts Compatible with Sony LA-EA4 EA4 Adapter,"₹23,374","29,217",,
Touch LCD Display Screen with Backlight Compatible with YI 4K+ (4K Plus) Action Camera,"₹16,522","20,652",,
Rear Menu Function Switch Board FPC Repair Part Compatible with Canon Powershot SX720 HS PC2272 Digital Camera,"₹11,026","13,782",,
New Touch LCD Display Screen with Backlight Repair Parts Compatible with Nikon Z50 SLR,"₹18,301","22,876",,
5PCS Aperture Gear Unit Repair Parts Compatible with Nikon 1 VR 10-30mm f/3.5-5.6 +10-100mm + 11-27.5mm Lens,"₹7,137","8,921",,
1PCS LCD Screen Display Top Small Outer Glass Protector Window Compatible with Canon 5D2 5D3 6D 7D 60D 70D 6D2 7D2 5DS 5D4 (Color : 1200D),"₹6,489","8,111",,
Compatible with Canon EOS 30 EOS 50 for EOS30 EOS50 Rear Hook Back/Lock Catch Hook/Door Buckle/Hook (Color : 5PCS),"₹16,610","20,762",,
Compatible with Canon EOS 30 EOS 50 for EOS30 EOS50 Rear Hook Back/Lock Catch Hook/Door Buckle/Hook (Color : 1PCS),"₹8,433","10,541",,
Compatible with Canon EOS 30 EOS 50 for EOS30 EOS50 Rear Hook Back/Lock Catch Hook/Door Buckle/Hook (Color : 2PCS),"₹10,540","13,175",,
Big Touch LCD Display Screen with Backlight Repair Parts Compatible with GoPro Hero 6 & 7 Actioncam,"₹11,026","13,782",,
Base Bottom Cover/Lower Cap Bottom Cover Base Shell Repair Parts Compatible with Nikon D7000 SLR,"₹11,229","14,036",,
Touch LCD Display Screen with Backlight Repair Parts Compatible with Nikon Z6 Z7 mirrorless,"₹30,293","37,866",,
1PCS LCD Screen Display Top Small Outer Glass Protector Window Compatible with Canon 5D2 5D3 6D 7D 60D 70D 6D2 7D2 5DS 5D4 (Color : 1300D),"₹6,489","8,111",,
Use Parts 90% New Compatible with Nikon D610 Shutter Unit with Blade Curtain Motor Assembly,"₹35,212","44,015",,
Camera Memory Card SD Card Slot Repair Part Compatible with Canon EOS 100D 77D 750D 760D 800D 6D2 3000D SD Card (Color : Black),"₹6,813","8,516",,
1PCS LCD Screen Display Top Small Outer Glass Protector Window Compatible with Canon 5D2 5D3 6D 7D 60D 70D 6D2 7D2 5DS 5D4 (Color : 5D2),"₹6,489","8,111",,
"3.0 Inch 4K Video Camera, WiFi Camera Recorder with Digital Zoom 4K 56MP 16X, Full HD Vlog Camera with Touch Screen, Self-Portrait Compatible, Face Record","₹25,527","31,908",,
"Camera EOS 60D 18 MP CMOS Digital SLR Camera with with 18-55SII Kit Lens, Memory Card Digital Camera (Size : with Lens)","₹1,67,494","2,09,367",,
Camera D90 12.3MP DX-Format CMOS Digital SLR Camera with 18-105 Mm F/3.5-5.6G ED AF-S VR DX Zoom Lens Digital Camera (Color : Body),"₹1,18,759","1,48,448",,
Camera 600D Rebel T3i DSLR Camera with 18-55mm Lens Digital Camera,"₹1,63,958","2,04,947",,
Camera EOS 550D 18 MP CMOS APS-C Digital SLR Camera with 3.0-Inch LCD and with EF-S 18-55mm F/3.5-5.6 is II Lens Digital Camera,"₹1,22,756","1,53,445",,
Camera D3200 DSLR with 18-55mm Lens Digital Camera,"₹1,30,596","1,63,245",,
Camera EOS 600D Digital SLR Camera with 18-55IIS/ 18-55IS STM Lens Digital Camera (Size : NO with Lens),"₹1,33,210","1,66,512",,
"Camera EOS 60D 18 MP CMOS Digital SLR Camera with with 18-55SII Kit Lens, Memory Card Digital Camera (Size : NO with Lens)","₹1,51,659","1,89,573",,
Camera D5200 DSLR Camera with 18-55mm Lens Kits Digital Camera,"₹1,51,044","1,88,805",,
Camera D5200 DSLR Camera with 18-55mm Lens Kits Digital Camera,"₹1,51,044","1,88,805",,
Camera EOS 600D Digital SLR Camera with 18-55IIS/ 18-55IS STM Lens Digital Camera (Size : with 18-55IIS Lens),"₹1,64,419","2,05,523",,
Camera D3200 DSLR Camera with 18-55 Lens Kits Digital Camera,"₹1,25,216","1,56,520",,
Camera 60D DSLR Camera Digital Camera (Size : Body Without Lens),"₹1,51,812","1,89,765",,
Camera 600D Rebel T3i DSLR Camera with 18-55mm Lens Digital Camera,"₹1,57,347","1,96,683",,
Camera EOS 1200D - Digital Camera with 18-55mm Lens Kits Digital Camera (Size : Body ONLY),"₹1,22,448","1,53,060",,
Camera EOS 1200D - Digital Camera with 18-55mm Lens Kits Digital Camera (Size : Body ONLY),"₹1,22,448","1,53,060",,
Camera D3200 24.2 MP CMOS Digital SLR Camera with 18-55mm F/3.5-5.6G ED II Zoom Lens Digital Camera,"₹1,43,818","1,79,772",,
Camera EOS 7D 18 MP CMOS Digital SLR Camera Body Only Digital Camera,"₹1,52,581","1,90,726",,
Camera EOS 600D Digital SLR Camera with 18-55IIS/ 18-55IS STM Lens Digital Camera (Size : with 18-55IIS Lens),"₹1,57,501","1,96,876",,
"Camera Digital Camera DSLR D7300 33Million Pixel Auto Focus Professional SLR Video Camera Optical Zoom 24X Lens 3 HD with Tripod Digital Camera (Size : with 32G SD Card, Color : D7300 EU)","₹1,08,612","1,35,765",,
"Camera Digital Camera DSLR D7300 33Million Pixel Auto Focus Video Camera SLR Professional Optical Zoom 24X Lens 3 HD with Tripod Digital Camera (Size : with 16G SD Card, Color : D7300 US)","₹1,07,690","1,34,612",,
Camera EOS 1200D - Digital Camera with 18-55mm Lens Kits Digital Camera (Size : with 18-55MM Lens),"₹1,58,577","1,98,221",,
Camera EOS 1300D DSLR Camera Body with Single Lens: EF-S 18-55 is II Digital Camera (Size : Camera Body only),"₹1,62,267","2,02,833",,
Camera D90 12.3MP DX-Format CMOS Digital SLR Camera with 18-105 Mm F/3.5-5.6G ED AF-S VR DX Zoom Lens Digital Camera (Color : with 18-105MM Lens),"₹1,66,571","2,08,213",,
Camera D5200 DSLR Camera with 18-55mm Lens Kits Digital Camera,"₹1,50,121","1,87,651",,
"Camera EOS 60D 18 MP CMOS Digital SLR Camera with with 18-55SII Kit Lens, Memory Card Digital Camera (Size : NO with Lens)","₹1,49,045","1,86,306",,
Camera EOS 550D 18 MP CMOS APS-C Digital SLR Camera with 3.0-Inch LCD and with EF-S 18-55mm f/3.5-5.6 is II Lens Digital Camera,"₹1,22,295","1,52,868",,
Camera EOS 7D 18 MP CMOS Digital SLR Camera Body Only Digital Camera,"₹1,49,660","1,87,075",,
"4K 48MP Digital Camera, 2.7in LCD 8x Zoom Camera, Portable HD Vlogging Camera Pocket Video Camera, Built in Fill Light","₹12,828","16,035",,
"Digital Camera, 4K 48MP 8x Zoom Lightweight Portable Vlogging Camera Compact Pocket Camera, with Built-in Fill Light 2.7 Inch LCD, Rechargeable Small Camera for Teens Study","₹9,889","12,361",,
"LP-E8 Dual Channel LCD USB Charger for Canon EOS 550D, EOS 600D, EOS 650D, EOS 700D, EOS Kiss X4, X5, X6i, EOS Rebel T2i, EOS Rebel T3i, EOS Rebel T4i, Rebel T5i Camera and More","₹3,748",,,
"Digital Camera, WiFi USB High Definition 3 Inch LCD Screen 180 Degree Rotation 2.7K 48MP Digital Video Chat Camera for Windows for OS X System","₹15,070","18,837",,
"Wide Angle Bag Bellows for Toyo 45G, 45G II, 45GX, 45C 45E Omega 45D 4x5 Camera","₹27,984","34,980",,
Genuine Leather Wide Angle Bag Bellows for Linhof Kardan Color E GT GTL 45S 4x5,"₹31,067","38,833",,4.5 out of 5 stars 467
Genuine Leather Wide Angle Bag Bellows for Linhof Kardan Color E GT GTL 45S 4x5,"₹31,067","38,833",,
"Konica AR Lens to Canon EOS M EF-M Mirrorless Camera Adapter, fits Canon M1, M2, M3 M10 Mirrorless Camera","₹3,925","5,609",,4.5 out of 5 stars 467
Canon DSLR Cheat Sheets Tip Cards for 80D 77D 70D EOS Rebel T7i T7 T6i T6 SL2 SL1 T5 T4 T3 60D 50D M10 M6 M5 M3 M50 M100 7D Mk II 6D 5D Mk IV III 5DS 1D X Digital Photography Camera How To Guide,"₹4,270.03",,,
Lumix DMC-GF3 12 MP Micro 4/3 Compact System Camera with 3-Inch Touch-Screen LCD Body Only (Black),"₹83,187","1,03,983",,4.3 out of 5 stars 14
NEAP-452 QUICK REPLACEMENT FOOT,"₹11,678.17",,,4.9 out of 5 stars 13
